id	chrom	pos	score	iupac	ref	alt	A1	CER_Beta	CER_P	TX_Beta	TX_P	IGAP_A1	IGAP_OR	IGAP_Pvalue	RegulomeDB	Rsquared_rs254776	Dprime_rs254776
rs13158247	chr5	88734853	1.56703070912559	Y	C	T	C	-0.08	3.16e-05	-0.01	0.778	C	0.97	0.0271	NA	0.498	0.939
rs244761	chr5	88821210	0.419075024324381	W	A	T	T	-0.1	1.73e-06	-0.03	0.343	T	0.99	0.381	5	0.426	0.667
